min,max,sum,variance,mean,stddev,count,median,p75,p95,p99,p999
10.86680700071156,243.1130889998749,6468.99724300392,2068.281386362973,64.68997243003919,45.47836173789655,100,63.051365999970585,68.30806050053798,194.3590919496956,242.89448420987452,243.1130889998749
4.850526999682188,197.4287539999932,2835.011835999787,1579.1956903901853,28.350118359997868,39.73909523869643,100,15.869500499684364,23.887976250145584,144.15704630045215,197.2305227199941,197.4287539999932
